word,index,target,d[0],d[1],d[2],d[3],d[4],d[5],d[6],d[7],d[8],d[9],d[10],d[11],d[12],d[13],d[14],d[15],d[16],d[17],d[18],d[19],d[20],d[21],d[22],d[23],d[24],d[25],d[26],d[27],d[28],d[29],d[30],d[31],d[32],d[33],d[34],d[35],d[36],d[37],d[38],d[39],d[40],d[41],d[42],d[43],d[44],d[45],d[46],d[47],d[48],d[49],d[50],d[51],d[52],d[53],d[54],d[55],d[56],d[57],d[58],d[59],d[60],d[61],d[62],d[63],d[64],d[65],d[66],d[67],d[68],d[69],d[70],d[71],d[72],d[73],d[74],d[75],d[76],d[77],d[78],d[79],d[80],d[81],d[82],d[83],d[84],d[85],d[86],d[87],d[88],d[89],d[90],d[91],d[92],d[93],d[94],d[95],d[96],d[97],d[98],d[99],d[100],d[101],d[102],d[103],d[104],d[105],d[106],d[107],d[108],d[109],d[110],d[111],d[112],d[113],d[114],d[115],d[116],d[117],d[118],d[119],d[120],d[121],d[122],d[123],d[124],d[125],d[126],d[127],d[128],d[129],d[130],d[131],d[132],d[133],d[134],d[135],d[136],d[137],d[138],d[139],d[140],d[141],d[142],d[143],d[144],d[145],d[146],d[147],d[148],d[149],d[150],d[151],d[152],d[153],d[154],d[155],d[156],d[157],d[158],d[159],d[160],d[161],d[162],d[163],d[164],d[165],d[166],d[167],d[168],d[169],d[170],d[171],d[172],d[173],d[174],d[175],d[176],d[177],d[178],d[179],d[180],d[181],d[182],d[183],d[184],d[185],d[186],d[187],d[188],d[189],d[190],d[191],d[192],d[193],d[194],d[195],d[196],d[197],d[198],d[199]
elephant,5090,0.37,-0.02308,0.66398,0.36990,-0.56292,0.07632,-0.55959,0.32294,0.44062,0.31708,-0.02692,-0.40905,-0.00561,-0.14562,0.51135,-0.01681,0.29782,-0.02814,0.45240,0.88041,-0.14912,-0.24858,-0.14754,-0.19461,-0.94940,0.12222,-0.78122,-0.17343,-0.45058,-0.16194,0.05634,0.18273,-0.26374,-0.29368,-0.33081,-0.06227,0.06169,-0.06299,0.29254,-0.01423,0.33007,-0.19242,-0.02606,0.41651,-0.02657,0.31402,0.48159,-0.22419,0.26584,0.05410,0.02636,0.25520,-0.09759,-0.16540,-0.07921,-0.12122,0.23493,0.16528,-0.19001,-0.04584,0.02001,-0.36188,0.09476,-0.17725,0.28093,-0.22302,0.21823,0.50840,0.21917,0.05702,0.04052,-0.21875,0.28906,-0.87695,-0.08969,-0.94364,0.13837,0.07532,-0.16880,-0.70809,-0.05060,-0.66120,-0.00485,0.32599,-0.17280,-0.60126,-0.10199,0.45627,0.13503,-0.15455,-0.13278,0.44915,0.05041,0.07988,-0.14367,0.74554,-0.43944,-0.04246,-0.27829,-0.18114,-0.27484,0.25468,0.47832,0.06813,-0.18034,-0.08022,0.36442,0.09169,-0.21758,0.00170,0.29712,-0.30703,-0.25229,-0.31851,0.47294,-0.22971,0.15943,-0.49635,-0.52745,-0.36915,0.36342,-0.12032,0.00502,-0.11457,0.28855,-0.01915,0.09392,-0.12350,-0.16512,-0.21757,0.04100,-0.46024,0.25651,-0.00025,0.05746,-0.45098,0.01402,0.47795,0.54280,0.25171,0.18006,-0.11159,0.02853,-0.23662,-0.10701,0.25819,-0.04899,0.00677,0.11164,0.07745,0.37909,-0.52045,0.22359,-0.01549,-0.14185,0.09566,-0.14098,-0.40788,0.13249,-0.13100,0.69396,-0.07510,0.28912,0.08679,0.15825,-0.66446,0.05391,-0.48980,-0.39923,0.20472,0.14676,-0.02260,0.06320,0.16566,-0.17594,0.39993,0.36611,0.22816,0.24664,-0.08657,-0.22439,0.37703,0.15882,-0.30783,0.40970,0.02794,-0.05946,-0.19896,-0.06427,0.22820,-0.35570,0.10883,0.49384,0.42947,0.14886,-0.44143,0.03992,-0.30934,-0.83348,-0.20302,0.11461
hippopotamus,34192,0.36,0.42738,0.76735,0.35740,-0.31437,-0.01383,-0.96234,-0.15995,0.00790,0.12161,0.34817,-0.06830,-0.18430,-0.04365,0.64217,0.23614,0.35032,0.22931,0.45357,0.45336,-0.06215,-0.31238,-0.62403,-0.34222,-0.42745,0.20396,-0.19573,-0.56449,-0.11236,0.22180,-0.17884,-0.00092,-0.01513,0.17557,0.16981,-0.30237,-0.23093,-0.27279,0.15594,-0.23118,-0.22284,0.26143,0.22839,0.02940,-0.67228,0.75569,-0.00919,-0.18346,0.18558,-0.07320,-0.61454,0.29909,0.03930,-0.06974,0.27481,0.23995,-0.25298,0.02994,0.23207,0.19269,0.06191,0.66000,0.04486,-0.18593,-0.10831,-0.25638,0.65210,0.10307,-0.38385,0.08717,-0.11741,-0.28706,0.31673,-0.81743,-0.06083,-0.71185,-0.18664,0.49479,-0.19098,-0.71242,-0.10457,-0.24091,-0.10134,0.23122,-0.02052,-0.55102,0.32881,-0.03800,-0.20156,0.27061,0.15039,0.52049,0.19666,-0.19847,-0.01262,0.25583,-0.39882,-0.00781,-0.35232,-0.55275,-0.02229,-0.14258,-0.29962,0.05293,-0.34781,0.02901,0.41935,0.29320,-0.00476,0.18953,0.38830,0.07707,-0.29197,-0.43045,0.59993,-0.03316,-0.08058,-0.53305,-0.16506,-0.46625,0.23053,-0.42625,-0.14379,-0.17899,-0.14376,-0.29919,-0.14899,-0.15357,-0.03088,-0.30318,0.23356,-0.19574,0.14022,0.02909,0.32443,-0.47181,0.26113,0.10346,0.08494,-0.05075,0.34400,-0.14655,0.14077,-0.24233,-0.34463,0.15649,0.31864,-0.17032,-0.06865,-0.55690,0.12810,0.36084,-0.07851,0.39432,-0.19785,0.10543,-0.06314,-0.23372,-0.01458,-0.27567,0.42270,-0.10805,0.44003,-0.12287,-0.00166,0.05913,-0.26806,-0.14512,0.30931,0.07088,-0.09096,0.19971,-0.06873,0.10440,0.01802,0.17198,0.40010,0.08253,-0.61280,0.19953,0.57855,0.21692,0.09826,-0.42644,-0.25702,0.49653,0.30711,0.05046,-0.16696,0.19933,-0.27924,-0.09233,0.01606,0.39274,0.05899,-0.05326,0.16453,-0.64295,-0.95193,-0.41016,0.50293
walrus,27458,0.30,-0.32252,0.79167,0.30000,0.12258,0.19985,-0.49734,-0.41443,1.04283,0.02803,-0.11042,-0.10784,-0.20956,0.03701,0.16653,0.12792,0.17424,0.17535,-0.10356,0.48043,0.24231,-0.44988,0.05410,0.24700,-0.32986,0.41602,0.32871,-0.62449,-0.18809,0.08138,-0.29577,-0.19895,-0.09550,0.07406,0.39849,-0.32199,-0.31089,-0.11255,0.80213,-0.56314,0.17313,-0.00658,-0.07355,-0.07649,-0.05326,0.03845,0.39257,-0.25652,0.18683,-0.38072,-0.22318,0.41857,0.32705,-0.30542,0.25138,0.18251,-0.05574,-0.50066,0.74622,0.06143,0.47213,0.07873,0.06122,0.15704,-0.04199,0.04589,0.44083,0.34882,0.32903,-0.05169,0.39158,0.04583,-0.02277,-0.51055,-0.26958,-0.67936,-0.30898,-0.00062,-0.75319,-0.66488,0.13437,-0.32020,0.12978,-0.03766,-0.43349,-0.65299,0.35250,-0.12944,-0.02810,-0.02314,0.00495,0.15008,0.07577,-0.01651,-0.30790,0.03857,-0.47968,0.48076,-0.25857,-0.12383,-0.14114,0.57251,0.27391,0.10142,0.21029,0.06108,-0.03851,0.13178,-0.53827,0.14401,0.34509,0.47507,-0.21489,-0.13694,0.34712,-0.50237,-0.11454,-0.48483,-0.26020,-0.74239,0.34310,-0.39071,-0.06494,0.05338,0.32603,-0.55269,0.07379,-0.44390,-0.27026,-0.11453,0.68193,-0.74994,0.53597,0.12562,0.16201,-0.03606,0.20451,0.04854,0.25723,-0.23954,0.25743,-0.54817,-0.09694,-0.37443,-0.25739,0.54481,0.04399,0.22315,-0.51143,0.13704,0.16415,-0.24731,-0.15717,0.31412,-0.09606,-0.13381,-0.36630,-0.53372,0.06072,-0.53760,0.06607,0.26105,0.01309,0.22503,0.28189,-0.18954,0.09813,-0.11719,-0.07270,-0.14077,0.00242,0.06101,0.48417,0.06198,-0.06060,-0.15416,0.56525,-0.15898,0.04624,-0.30804,0.57634,0.56401,-0.02041,-0.39732,-0.36148,0.52028,0.32100,-0.06912,-0.21674,-0.33670,-0.08974,-0.12420,-0.26977,0.77245,0.62955,0.01189,-0.15928,-0.56729,-0.68127,0.34818,0.40285
giraffe,15389,0.29,0.02979,1.23181,0.29031,-0.08783,-0.48318,-0.75708,-0.21591,0.51494,0.32717,0.18501,-0.38811,0.23307,-0.79071,0.73656,0.07287,-0.28149,0.64765,0.69453,0.49845,-0.44083,-0.32930,-0.79978,-0.13363,-1.06375,0.24525,-0.19359,-0.48880,-0.76742,0.54414,-0.30822,0.05001,-0.38904,0.12099,0.28601,0.03903,-0.45921,0.18930,0.31543,0.27669,0.56149,-0.08809,0.14329,0.30421,-0.29786,0.35573,-0.18416,-0.12668,0.14554,0.03221,-0.34729,0.67941,0.42032,-0.04461,0.58731,0.14954,0.66030,0.47607,-0.45406,0.15083,0.25937,0.40019,0.10374,-0.12699,0.25767,-0.40943,0.26674,0.05854,0.22178,0.30355,-0.24902,-0.52966,0.28905,-0.91521,-0.06466,-0.51283,-0.15391,0.52349,-0.19263,-0.42570,-0.20015,-0.29511,-0.21117,0.19496,0.14090,-0.44791,0.18892,0.20747,0.35849,-0.16096,0.04916,-0.10545,0.16498,0.20402,-0.04960,0.16804,-0.75792,0.01190,0.26074,-0.66894,-0.22962,-0.18715,0.28519,-0.52325,-0.07409,-0.37072,-0.13486,-0.22125,0.10849,-0.07973,0.48503,-0.20510,-0.40908,-0.54931,0.38039,-0.38350,0.56589,-0.66702,0.02516,-0.58553,0.55725,-0.22067,-0.39740,-0.75743,0.46105,-0.25273,0.29640,0.28579,0.14515,-0.17358,-0.19556,-0.04644,0.37488,-0.38029,-0.63176,-0.51841,0.25983,0.68044,0.88756,0.51558,-0.08447,-0.11465,-0.06291,-0.08676,-0.41773,0.02429,-0.26240,0.09141,-0.40356,0.46092,-0.21457,-0.28945,0.47069,-0.55021,0.41403,0.46367,-0.59823,-0.27501,0.03487,-0.03804,-0.04396,0.18582,-0.31668,0.06288,0.35446,-0.15333,-0.15275,0.14483,-0.47014,0.67895,-0.08992,0.43182,-0.01294,0.00510,0.20008,-0.18250,-0.25644,0.36369,0.04221,0.33916,-0.24920,0.60242,0.02562,-0.47149,0.08120,0.20703,0.10614,0.13595,0.27915,0.15078,-0.17210,-0.07961,0.38194,0.08254,-0.07652,0.03669,0.22902,-0.16303,-0.43554,-0.62298,-0.18173
cow,4850,0.29,0.11632,0.83782,0.29031,-0.10442,-0.20013,-0.83461,-0.24594,0.52380,0.10391,0.26586,-0.29600,0.54376,-0.03844,-0.00769,0.15398,0.24338,0.12478,-0.03023,0.24703,0.00197,-0.53749,-0.60638,-0.02154,-0.58464,0.42014,-0.45600,-0.38731,0.82122,-0.16721,0.18404,-0.14590,-0.33815,-0.03124,-0.09375,0.01073,-0.84332,0.24440,0.53003,-0.17264,-0.56643,-0.34711,0.07961,-0.04628,-0.18237,0.39825,-0.20361,-0.21924,-0.06768,0.24750,-0.27942,-0.03306,-0.09124,-0.03723,-0.09216,-0.00984,-0.39214,-0.41222,-0.20939,0.32407,-0.21904,0.20752,-0.50329,-0.21378,-0.01106,0.13556,-0.17493,-0.00520,0.19011,0.03385,-0.28361,0.30614,0.82938,-0.28132,0.19548,-0.13501,0.23580,-0.07674,-0.18486,-0.46178,-0.30745,-0.23853,-0.02823,0.34560,0.31885,-0.99278,0.21236,0.08323,0.80232,0.31206,0.20814,0.03966,0.37131,-0.21874,-0.28759,-0.17638,-0.57133,0.33534,-0.33050,-0.07426,-0.01905,0.12415,-0.08496,0.32287,-0.10782,-0.19261,0.00049,0.28518,0.11400,0.48611,0.22513,0.00460,-0.30605,-0.28882,0.15141,-0.52331,-0.05344,-0.43521,-0.18397,-0.05822,0.01852,0.34374,0.20874,-0.21607,0.02935,-0.20140,0.09592,0.41788,-0.71188,-0.19119,0.10771,-0.40659,0.32596,0.04332,-0.38736,0.14490,0.55209,-0.10948,0.29637,0.65007,0.05993,0.04310,-0.13525,-0.05269,-0.51415,-0.09174,-0.28403,0.14775,0.26633,-0.04645,0.45613,0.50794,-0.31503,0.38857,0.24790,-0.16346,-0.60446,-0.23650,-0.14563,0.07803,0.12432,0.67790,0.78868,0.26468,-0.11574,0.05072,0.37091,0.43218,-0.20979,0.27260,-0.12618,-0.72987,0.06909,-0.15010,-0.00217,0.26150,0.30478,0.28513,-0.51929,-0.46157,-0.22006,0.33221,0.01468,0.25426,-0.06960,0.12897,0.13731,0.12249,0.15703,0.07978,0.09590,0.01854,-0.20415,0.16171,0.47347,-0.30470,0.33674,-0.48886,-0.26130,0.15675,0.21195
buffalo,3885,0.28,0.21829,0.08678,0.28451,0.25254,-0.52596,-0.23433,-0.71659,0.35321,0.14524,-0.21235,0.25967,0.09847,-0.66346,0.55044,-0.15179,0.01611,-0.15454,0.29275,0.31912,-0.08498,-0.70138,-0.39150,-0.68527,-0.19050,0.32249,0.01331,-0.43913,0.26773,-0.44593,-0.40420,0.01682,0.11275,-0.45935,0.12631,-0.12488,-0.00241,-0.29037,0.25453,-0.13940,-0.39643,0.09817,0.07732,0.29535,-0.28933,0.01130,0.34095,-0.55843,0.12645,-0.48657,-0.28558,-0.10748,0.51674,-0.59555,0.30953,0.24043,-0.31260,-0.03790,-0.03111,-0.35990,-0.04695,0.11122,0.07754,-0.14934,0.44189,-0.05641,0.13608,0.03752,0.16337,-0.03964,-0.30499,0.23029,-0.27721,0.14071,0.29499,-0.26661,-0.01069,-0.34380,-0.77067,-0.12849,0.23779,-0.35489,-0.39369,-0.37992,-0.06531,-0.54579,0.14695,0.11359,-0.03992,0.65174,0.17799,0.12554,0.32757,-0.39580,-0.25270,-0.08608,-0.13469,0.26132,0.40114,-0.16580,-0.08844,0.07917,0.23663,-0.01801,0.11146,0.01368,-0.13967,-0.42489,0.11694,0.12946,0.19678,0.44167,0.15939,-0.40182,0.01197,0.03695,-0.21016,-0.58731,-0.01154,-0.79666,-0.00412,0.44203,-0.04423,-0.49557,0.16840,0.18146,0.25502,0.37987,-0.51264,-0.35002,-0.29404,0.16096,-0.05972,-0.19495,0.04697,0.13056,0.02839,0.41685,0.23480,-0.23655,0.08320,-0.14578,0.04740,-0.10852,0.00967,0.10121,0.27518,0.45562,0.10260,-0.23988,0.25094,0.19409,-0.01030,-0.15485,0.15577,0.30709,-0.31418,0.13051,0.20334,0.63997,-0.28323,-0.30082,0.21424,0.48449,-0.33087,-0.28018,-0.08768,0.23263,0.06110,-0.28295,-0.11927,-0.22041,-0.12965,-0.38642,-0.20663,-0.35004,0.47301,0.54516,-0.18383,0.00295,-0.05082,0.16843,0.25090,-0.22313,-0.36775,0.11952,0.71112,0.45410,-0.23364,0.18845,-0.39600,-0.41839,-0.26986,0.07905,0.56343,0.58742,0.07754,-0.02553,-0.01690,-0.53844,0.61742
horse,1516,0.28,-0.13470,0.49498,0.28451,-0.15066,-0.07425,-0.76430,0.00955,0.40479,-0.07918,0.09950,-0.05977,0.13696,-0.00306,0.18784,-0.15531,0.10501,0.21795,0.36084,0.55365,-0.27555,-0.39224,-0.69205,0.20756,-0.48699,-0.09314,0.12522,-0.73025,-0.02747,-0.09916,0.47682,-0.11271,-0.33562,-0.06334,-0.08744,0.22876,0.08866,0.40638,-0.16287,0.19589,0.04314,0.15190,-0.07748,0.04521,0.24608,0.38460,-0.00558,0.12204,-0.01861,-0.28620,-0.46248,0.19397,0.04241,0.31460,0.26869,-0.09383,0.17334,-0.24041,-0.22483,-0.15919,-0.22158,0.17829,-0.18554,-0.18754,0.36825,-0.03367,0.13755,0.13784,0.04280,-0.13927,-0.43040,-0.22598,0.24911,-0.23942,-0.12224,-0.66038,-0.25115,-0.15471,-0.17640,-0.28612,0.19229,-0.06878,0.33914,0.02100,0.20660,-0.25277,0.27258,0.07149,0.06056,0.62260,-0.14842,-0.22667,0.10551,0.00526,-0.21175,0.30487,-0.40568,-0.22167,-0.05593,0.00572,0.29610,0.16874,0.27795,0.10420,-0.19154,-0.04503,0.21572,0.56309,0.01812,0.59322,0.27591,0.15045,-0.04523,0.16729,0.19176,-0.06404,-0.09530,-0.70015,-0.19813,-0.58420,0.02982,0.17819,-0.43396,-0.25637,0.06206,-0.04094,0.05744,0.57496,-0.64709,-0.11723,-0.11966,-0.17558,-0.13370,-0.20422,-0.27453,-0.20085,0.32990,0.31318,0.52905,0.09032,0.03655,0.32065,0.32427,-0.14359,0.30443,0.28435,0.36032,0.35135,-0.15620,0.19573,0.26794,-0.14109,0.21486,-0.12885,0.42095,-0.30041,-0.06091,-0.29716,0.15767,-0.16636,0.40160,0.29250,0.26181,0.29664,-0.40616,-0.09804,-0.14992,-0.29385,-0.10361,-0.08483,0.02098,-0.35904,0.02404,-0.25130,0.21695,-0.16861,-0.03590,0.04231,0.32511,-0.11753,-0.34632,-0.24370,0.50873,-0.51181,-0.08636,0.02733,0.02511,0.11882,0.25988,0.39125,0.25510,-0.15439,0.31749,1.00294,0.09228,-0.27623,0.17667,-0.07143,-0.15625,-0.19426,0.03172
camel,13379,0.27,-0.31499,0.85623,0.26990,0.39720,0.11014,-0.27370,-0.49564,0.72388,-0.30934,0.08130,-0.08990,0.05165,-0.48252,0.47161,-0.22796,0.31549,-0.02656,-0.11200,0.71166,-0.02984,-0.18132,-0.18587,0.29726,-0.10781,-0.10528,-0.08232,-0.17843,-0.41182,0.30434,0.39371,0.78931,-0.60547,-0.47263,0.23373,0.02787,-0.05789,0.52033,0.01731,0.07601,0.00925,0.35639,-0.09490,0.21466,0.14764,0.32814,-0.36377,0.08790,0.39156,-0.11565,-0.22589,0.21852,0.62504,-0.20190,0.39274,0.18590,-0.16872,0.25848,-0.35535,0.05477,0.07505,-0.43621,-0.04346,-0.71273,0.40098,-0.14855,-0.00982,0.27534,0.09039,-0.51485,-0.21125,0.63793,0.18581,-0.82386,-0.26388,-1.00454,-0.42645,0.12957,-0.73675,0.27695,-0.01796,-0.16792,-0.17766,0.17060,-0.16547,0.12328,0.12878,0.12500,0.09264,0.40294,-0.01140,-0.27324,0.23181,0.00395,0.23986,0.18570,-0.22384,-0.11723,-0.30135,-0.02190,-0.15008,0.02796,-0.03448,0.01407,-0.38280,0.44067,0.31879,0.12242,-0.16202,-0.14422,0.36966,0.08972,0.26283,-0.29927,0.67777,-0.30952,0.13852,-0.50723,-0.04072,-0.69028,0.33618,-0.11418,0.28472,-0.25417,0.07167,0.09297,0.18209,-0.50203,-0.26772,-0.14432,0.24577,-0.04705,0.08437,-0.19856,-0.23459,-0.37711,0.27304,0.52064,0.11211,0.17917,0.15884,0.00034,0.36262,-0.46958,-0.16600,-0.31109,0.05748,0.02281,-0.06312,0.04374,0.07714,0.10165,-0.08199,-0.09637,0.47049,0.06485,-0.24629,-0.48707,0.15587,-0.03433,0.09018,0.21341,0.51313,0.07894,0.33507,-0.25155,0.07560,0.35757,-0.32330,-0.25400,-0.42514,-0.48197,0.13373,-0.31515,0.03136,0.70477,-0.58555,0.11780,-0.05040,0.16366,-0.08183,0.73523,0.30575,-0.55389,-0.05165,0.32677,-0.21209,0.13164,-0.19783,0.01353,-0.15558,0.18109,0.26511,1.27978,0.43096,-0.30900,0.47603,-0.33202,-0.30133,-0.33844,0.01450
donkey,13914,0.26,0.52880,1.00887,0.26021,0.45573,0.43721,0.01116,-0.72010,0.21088,0.20669,-0.00062,0.35694,0.10071,-0.15819,0.07559,0.21123,0.78284,-0.04206,0.57312,0.60922,0.06236,0.08344,-0.66147,-0.16741,-0.75078,0.49287,-0.06417,-0.14448,0.26226,0.20141,0.07458,0.19811,0.06159,0.61637,-0.06455,0.49761,-0.09192,0.13590,-0.19102,-0.30885,-0.08783,-0.34430,-0.06364,0.29842,0.56058,0.73978,-0.06360,-0.02306,-0.09110,-0.01748,0.03121,0.09004,-0.18151,0.33246,0.29427,-0.22416,0.42827,0.44185,-0.20508,-0.18936,0.11985,0.64602,-0.35782,-0.05473,-0.18664,0.10088,0.54893,0.30348,-0.32992,0.07862,-0.30491,0.98788,-0.09578,-0.31988,0.14181,-0.32805,-0.76104,0.06911,-0.54992,-0.46112,-0.51583,-0.00679,-0.08052,0.18408,-0.24493,0.00223,0.48168,-0.13162,-0.18012,0.72606,0.43454,-0.08702,0.53713,-0.66976,-0.40275,0.31280,0.27436,0.47161,-0.64584,-0.30805,-0.00555,-0.50549,0.61424,0.31730,-0.02625,-0.29766,0.67848,0.15542,0.30786,0.09113,0.54592,-0.09194,-0.53358,-0.32198,0.62475,0.30420,0.12487,-0.33861,0.11629,-0.67207,0.20504,0.14129,0.01029,0.19320,0.68202,0.36014,0.11969,0.21415,-0.23886,-0.20929,-0.10264,-0.14806,0.19187,0.45256,-0.40352,-0.76417,0.24891,0.69481,0.66786,0.41187,0.18855,0.26146,0.60741,0.07784,-0.12558,0.06206,0.04251,0.16705,0.27989,-0.25100,-0.13795,-0.22087,0.02052,-0.16367,0.62155,-0.11781,-0.77578,-0.85372,-0.48767,0.24257,0.19078,0.59502,0.18978,0.13522,-0.07367,0.22732,0.31066,-0.06877,-0.33027,-0.21275,0.14521,-0.29121,0.35047,-0.50089,0.12704,-0.18753,0.42044,-0.18343,-0.71364,-0.20617,-0.29945,0.16685,0.17108,-0.20511,-0.20933,0.53741,0.06751,-0.14906,-0.08678,0.21326,-0.51870,-0.08539,0.32441,0.92038,-0.04467,0.25168,0.31746,-0.41989,0.45456,0.37752,0.09132
bear,2304,0.25,-0.12251,0.42226,0.24771,-0.46070,-0.15116,-0.75725,-0.26067,0.21960,0.43245,0.17289,-0.47914,0.36429,-0.02892,0.28527,-0.00846,0.14172,0.34658,0.14459,0.00471,-0.26014,-0.22457,-0.36747,0.19816,-0.36217,0.05486,0.13078,-0.18364,-0.12815,0.12731,-0.20238,-0.06591,-0.00550,-0.25316,-0.37218,0.15316,0.27876,0.25385,0.73983,0.10359,-0.03616,-0.12209,0.12269,-0.02440,-0.27307,-0.23413,0.24432,-0.38998,-0.06875,0.29481,-0.43510,-0.15220,-0.07238,0.17017,0.20612,-0.03265,-0.43837,0.05570,-0.14280,0.05996,0.13040,-0.00210,-0.09116,-0.05204,0.50139,-0.23153,0.20561,-0.08812,0.06768,-0.29160,-0.11907,-0.09946,0.00896,-0.69808,-0.62941,0.10608,0.20166,0.04365,-0.29740,-0.29741,-0.00011,-0.13745,-0.18828,0.10369,-0.16899,-0.31384,0.00218,-0.52532,-0.15847,-0.12877,0.07381,0.29577,0.45244,-0.04475,-0.48349,-0.15414,-0.34449,-0.06304,-0.45710,0.03985,0.07429,-0.02955,0.50398,-0.06066,-0.20691,0.01990,0.14711,0.23365,0.31494,0.14620,-0.26993,0.49900,-0.84067,-0.21790,0.21826,-0.18047,-0.04342,-0.13435,-0.38031,-0.41306,0.68181,-0.12378,-0.06068,-0.12169,-0.11346,-0.31842,0.18386,0.05488,0.35897,-0.24561,-0.31606,-0.35481,0.17408,-0.21485,-0.19899,-0.48596,-0.05447,-0.19040,0.15313,-0.04708,-0.06600,-0.21535,0.35253,-0.17707,0.03189,-0.21072,0.01557,0.09458,-0.41030,-0.19038,-0.10672,-0.47482,-0.31894,0.32694,0.21921,0.22257,-0.05470,-0.07581,0.02067,-0.01628,0.11645,0.26147,0.16067,0.14009,-0.00026,-0.39375,0.10552,-0.23974,-0.03812,0.29136,0.11483,-0.01101,0.40602,-0.04996,-0.48484,-0.14050,0.08489,-0.34435,0.00336,-0.04960,0.17299,-0.13730,0.07894,-0.47007,-0.14623,0.03988,-0.25471,0.05278,0.21559,-0.01957,0.19158,-0.17924,-0.11816,0.31426,0.41093,-0.35068,0.09198,-0.39640,-0.16665,-0.08583,0.32389
boar,22792,0.23,0.11660,0.75197,0.22553,0.28014,0.13543,-0.99252,-0.80020,0.53411,0.02872,-0.21951,-0.08074,0.64608,-0.21558,0.32077,-0.31811,0.19191,0.40552,0.16947,0.21608,-0.20724,-0.38373,-0.91020,-0.00848,-0.36972,0.00288,-0.16651,-0.47464,-0.20108,0.21609,-0.80763,0.13138,-0.07101,-0.05845,-0.05580,-0.20654,-0.36874,0.51879,-0.40016,-0.18970,-0.42251,0.27540,0.40109,0.11734,-0.36110,0.38641,-0.17335,-0.61059,0.02497,-0.59502,-0.51064,0.33580,-0.19864,0.43525,0.34184,0.40398,0.25463,-0.11792,0.25473,-0.02238,0.16616,0.30770,0.11105,-0.11837,0.21382,-0.03397,0.48427,-0.01059,-0.29497,0.19353,-0.58784,0.25384,0.10028,-0.33037,0.11417,-0.07573,0.16809,-0.30443,0.06868,-0.69451,0.34072,-0.26005,-0.10674,0.20802,0.27470,-0.68598,-0.22430,-0.42551,-0.84238,0.08124,0.29974,0.24603,0.73700,0.50474,-0.31878,0.60184,0.14362,-0.01107,-0.30457,-0.16699,-0.15427,0.00302,0.27479,-0.09913,-0.14171,-0.23240,-0.04512,-0.08995,-0.03586,0.14227,0.63047,0.84120,0.01654,-0.07972,-0.53885,-0.31309,-0.08890,-0.01353,-0.10757,-0.25235,1.01685,-0.26061,-0.43091,0.02641,0.26018,-0.20755,0.34819,0.19462,-0.08319,-0.25064,-0.20979,-0.52011,-0.02999,0.06890,-0.18347,-0.07239,0.73929,-0.16494,-0.05744,-0.25379,0.52572,-0.05864,0.21554,-0.33352,0.07609,0.13025,0.57217,-0.20739,-0.45980,-0.53492,-0.18329,0.82406,0.51358,0.45294,0.43524,0.16870,0.06381,-0.03565,0.08526,0.05946,-0.08191,0.39338,-0.30569,0.50318,-0.33039,-1.02454,0.32836,-0.17972,0.04026,-0.42943,-0.00847,-0.19694,0.44896,-0.57315,-0.03081,0.15528,-0.13563,-0.42988,0.21544,-0.11489,-0.20512,0.25037,0.02711,-0.11848,-0.00338,0.69204,0.30770,0.10523,0.33061,0.07947,0.34656,0.21742,0.12252,0.80678,0.15146,-0.17615,-0.24581,0.08167,-0.49266,-0.19648,0.59192
lion,4669,0.22,0.46811,0.51031,0.22041,-0.01210,-0.19881,-0.68530,0.25631,0.58689,0.07751,0.25285,0.37678,0.45247,0.35809,0.11292,0.18486,0.05444,0.42747,-0.04842,-0.12647,-0.04122,-0.32473,-0.41436,-0.07677,-0.06430,-0.48642,-0.07517,-0.06619,-0.23129,0.11049,0.00293,-0.17925,-0.10599,-0.00633,-0.46582,-0.38053,0.16080,0.44109,0.50150,-0.08064,0.25538,-0.23419,-0.35118,0.21036,-0.48257,0.09162,0.13207,-0.37980,0.52467,0.55452,-0.07362,0.15228,0.02522,-0.18491,0.17217,0.21463,-0.06900,-0.23958,-0.20974,0.19279,0.33297,-0.01973,0.01518,-0.31833,-0.12924,-0.11810,0.64803,0.19827,-0.34654,-0.37106,-0.19347,0.13680,0.27119,-0.62049,0.06691,-0.49883,-0.54219,-0.02430,-0.39497,-0.44580,-0.08117,-0.16574,0.00290,0.17528,-0.17906,-0.79865,0.04022,-0.32799,-0.08609,0.20894,-0.16120,0.07056,-0.12227,0.18253,-0.11089,-0.03216,-0.46848,-0.04282,-0.44614,-0.35179,-0.05398,0.35331,-0.24045,-0.00525,-0.31768,-0.00885,0.39402,0.81070,0.14426,0.42197,0.00490,0.22428,-0.36958,-0.21189,0.36113,-0.44215,-0.12810,-0.35648,-0.07339,-0.22910,0.60551,-0.00508,0.08182,-0.40826,-0.08747,-0.57848,0.09319,-0.16816,0.20563,-0.10994,-0.25505,-0.64132,0.53789,0.15595,0.26684,-0.45009,-0.34041,0.32689,0.69164,0.48332,0.29650,-0.36747,0.07515,-0.42724,0.31569,0.46202,-0.16729,-0.11262,0.05868,-0.60291,-0.17474,-0.27805,0.30131,-0.07516,0.28421,-0.00679,-0.02949,-0.35122,0.01770,0.14344,0.27825,0.54243,0.28700,0.35567,-0.09416,0.08750,0.10706,-0.44930,-0.63115,-0.02316,0.20744,-0.06934,-0.04710,-0.21041,-0.15700,-0.07524,0.43370,-0.05893,0.21399,-0.10857,0.27267,0.10556,-0.02980,0.09932,-0.01286,0.43053,0.01598,-0.26075,-0.24087,0.11104,-0.18773,-0.30730,0.43365,0.49183,-0.09735,0.06645,0.33496,0.31039,-0.59537,-0.11838,-0.06011
gorilla,11055,0.21,0.14970,0.58324,0.21461,0.00917,-0.19926,-0.97186,0.22926,0.17926,0.29217,0.41026,-0.44799,0.08622,0.07011,0.40858,0.16625,0.39999,0.62369,0.34694,0.14355,-0.16377,-0.52403,-0.63075,0.03931,-0.71529,-0.29268,0.59779,0.10545,-0.21770,0.09323,-0.57438,-0.00259,0.42487,0.27182,-0.10684,-0.15835,-0.39327,-0.39348,0.06749,0.03664,-0.28473,0.36096,-0.17394,-0.37663,-0.29899,0.38703,0.30964,0.08526,0.63482,-0.39624,-0.13910,-0.20013,0.00230,0.12038,0.14593,0.34354,0.00636,0.21327,0.27563,-0.03485,1.02483,-0.37576,-0.20183,0.14308,0.80539,0.06774,-0.11862,0.52498,-0.18832,-0.04746,-0.03661,0.02160,-0.08257,-0.43327,-0.36942,-0.63118,-0.67527,-0.45229,-0.04379,-1.08046,-0.37407,-0.66667,0.36299,0.01298,0.49504,-0.30879,0.46345,0.39028,0.25373,0.20228,-0.03217,0.30130,-0.35301,-0.02908,0.09993,-0.31066,0.04743,-0.65021,0.54085,-0.34180,-0.24340,0.40449,0.56044,0.16474,0.12865,-0.58756,0.92307,-0.30271,-0.59591,-0.48926,-0.09302,-0.01931,-0.43518,-0.30243,-0.05788,0.15215,0.06709,-1.03300,-0.03308,-0.30398,0.66825,-0.04863,0.03946,0.05391,0.36111,0.01164,0.47041,-0.82555,0.43119,-0.41645,-0.41677,-0.11064,0.21672,0.55511,0.31258,-0.43650,-0.00637,-0.04508,0.62572,-0.53414,0.44997,-0.26598,-0.59188,-0.31461,-0.59543,0.07999,0.31070,0.12354,0.50533,0.16924,-0.38707,-0.00299,0.11802,-0.01535,0.15467,0.18230,-0.29876,-0.39983,0.14953,-0.00443,0.07179,-0.05338,1.05993,0.28948,-0.10389,0.26263,0.22089,-0.03820,-0.36310,0.34472,0.66339,-0.63335,-0.01903,-0.04185,-0.15849,0.18713,-0.03103,0.45288,0.32432,0.07567,-0.10776,0.25737,0.39286,-0.59518,-0.40257,0.02658,-0.03077,-0.01593,0.17428,0.68885,-0.60773,-0.35400,-0.63247,0.48796,0.01129,0.17084,-0.64541,-0.76130,-0.53893,-0.60138,0.56389
tiger,5186,0.21,-0.24820,0.43239,0.20792,-0.13834,0.06873,-0.12742,0.23662,-0.30600,0.35145,0.66352,-0.32622,0.21247,0.12929,1.05667,0.20321,0.17562,0.37566,-0.23841,-0.24415,0.02465,-0.16274,-0.36602,0.00328,-0.42967,0.01934,0.24564,-0.52804,-0.04908,-0.07559,0.20706,0.28805,-0.27596,-0.30185,-0.13056,-0.15773,-0.10537,0.03034,0.45855,0.30456,0.12327,0.06744,-0.11189,-0.02435,-0.06914,0.68232,0.37108,-0.38664,0.10785,0.10994,-0.52131,-0.13866,0.05692,-0.15275,0.21167,0.06621,0.13572,0.02973,0.27861,-0.23347,0.30366,-0.28593,0.13275,0.01536,0.70209,0.00966,0.12783,0.04881,0.14370,-0.19505,-0.89075,0.33363,0.36628,-0.30542,0.13893,-0.54613,-0.11643,-0.00425,-0.83167,-0.47053,-0.29122,-0.24311,-0.20708,-0.03560,0.48879,-0.16365,0.08159,-0.24600,0.10243,0.37171,0.23677,0.10120,0.59260,-0.38553,-0.22362,-0.12816,-0.26824,0.04980,-0.19411,-0.49019,0.00476,0.06356,0.12891,-0.63244,-0.35218,-0.17306,0.06418,0.16066,0.08052,-0.10027,0.52003,0.32641,-0.15393,-0.59243,0.11580,-0.42132,0.14636,-0.35219,-0.31798,-0.34845,0.43054,0.06686,0.22753,-0.03533,-0.00614,-0.60512,0.21683,0.07184,0.10684,-0.36831,0.07641,-0.53311,0.08776,0.31725,0.22174,-0.28035,-0.17528,-0.21813,-0.09192,-0.00131,0.12988,0.29454,-0.26239,-0.52938,-0.25754,0.26075,0.22373,-0.03167,0.42433,-0.02693,0.05149,-0.06112,0.01745,-0.48344,0.40174,0.56454,-0.24214,-0.17621,0.03955,0.37765,-0.09535,0.17681,0.14953,0.07911,-0.18779,0.23304,-0.17131,0.12722,-0.19611,0.44476,0.24383,-0.33295,-0.11657,0.24513,-0.40617,-0.22991,-0.01056,-0.14091,-0.16474,0.34572,-0.07378,-0.36239,-0.01476,-0.77650,0.18361,0.17450,-0.06226,-0.39447,-0.01979,0.12676,-0.10322,-0.14541,0.03039,0.41966,0.25646,0.19178,-0.11179,-0.19753,-0.05401,-0.00550,0.01167
human,226,0.18,-0.25661,0.99671,0.18451,0.22071,-0.15017,-0.52277,-0.25620,0.29294,0.16819,0.24652,-0.14040,-0.01670,-0.09416,-0.07761,0.08760,-0.01004,0.22097,0.59088,-0.15531,-0.32685,-0.32968,-0.32056,0.14876,-0.30109,0.05299,-0.12224,0.02000,0.09718,0.00217,0.09874,-0.07773,-0.16702,-0.39272,-0.06972,0.11882,-0.20502,-0.05891,0.04508,0.04183,0.04457,0.30743,-0.15355,0.03844,-0.18122,-0.05639,-0.00558,0.24218,0.04700,-0.31803,0.14519,-0.02285,0.24000,0.30532,0.10678,0.20430,-0.31215,-0.06590,-0.32791,-0.04528,0.26513,-0.03200,0.02975,0.11721,-0.24890,0.18298,0.11138,-0.01112,0.10249,0.01402,0.28791,-0.40892,0.01557,-0.48266,-0.36679,0.16681,0.06439,-0.26522,-0.30613,-0.35277,-0.20227,0.17467,0.14835,0.14893,0.10695,-0.32517,-0.14448,0.01272,-0.25677,-0.19408,0.30238,0.26809,-0.18288,-0.14181,0.08372,-0.04534,0.11969,-0.29514,-0.25891,0.05459,-0.04054,-0.17723,-0.08341,-0.26256,0.10789,-0.22676,0.02217,-0.04651,-0.08991,-0.07910,-0.07735,0.06333,-0.11837,-0.11506,0.26419,0.25000,-0.30583,-0.09711,0.05957,-0.33260,0.11858,-0.00266,0.07319,0.24258,-0.09893,0.29380,0.11823,0.20480,0.19878,-0.05159,0.38656,0.20372,-0.10276,0.04491,0.21144,-0.09063,-0.07884,-0.05585,-0.01339,-0.08159,0.24461,-0.09829,-0.07662,-0.29234,-0.42117,0.36064,-0.00002,-0.15325,-0.00032,-0.01140,0.05040,-0.13154,0.01900,-0.43831,0.01419,-0.12305,0.03807,-0.16524,-0.11383,0.32037,0.34202,-0.14012,-0.13344,0.02389,-0.28348,0.05159,-0.02672,-0.27778,-0.05927,0.18479,-0.11354,0.03328,0.30048,0.14159,-0.02424,0.26336,0.10233,0.17306,-0.22424,-0.10346,-0.16931,-0.14800,-0.21129,-0.18362,0.07103,0.02419,-0.02608,-0.09027,-0.08993,0.09892,-0.33740,0.11445,0.05678,0.43706,-0.12720,-0.31964,0.24873,0.13351,0.09134,-0.38806,0.11620
cougar,63140,0.18,-0.27760,0.72801,0.17993,-0.17122,0.13018,-0.52325,-0.24994,-0.10099,0.18679,0.27900,0.04287,0.04781,0.25088,0.38593,-0.00818,0.22451,0.29267,0.08735,0.33889,0.05099,-0.53379,-0.49030,0.09061,-0.37017,-0.09161,0.29993,-0.22245,0.11040,0.19471,-0.24526,-0.19292,0.07261,0.39185,0.00746,-0.39608,-0.16001,-0.05661,0.69270,0.14466,-0.05371,-0.25407,-0.18790,-0.07477,-0.07954,-0.00252,0.11289,0.23240,-0.02758,-0.11086,-0.17596,-0.11498,0.26405,0.05121,0.38760,0.05419,-0.48977,0.07825,0.27817,-0.15752,0.40435,0.24834,-0.14207,0.16654,0.54967,-0.32548,0.42745,-0.12890,-0.26673,-0.08681,0.07882,-0.03555,0.04538,-0.58311,-0.10699,-0.76901,0.00630,0.08507,-0.44250,-0.07815,-0.27338,-0.28918,-0.05075,-0.06738,0.17592,-0.29422,0.17212,-0.15126,-0.05770,0.29159,0.20464,0.21854,0.26212,-0.26875,-0.44371,0.15323,-0.42160,0.22053,-0.24694,-0.30199,0.12579,0.25479,0.19889,0.08929,-0.34737,-0.33500,0.13295,0.31387,-0.12452,-0.08913,0.31846,0.49233,-0.39348,-0.19704,0.52503,0.03610,-0.20979,-0.42705,0.44320,-0.38303,0.55333,-0.01025,-0.14559,-0.11786,-0.03062,-0.29443,0.20412,-0.02914,0.16279,-0.12313,0.07028,-0.53824,0.23556,0.23689,-0.20583,-0.08765,0.08806,-0.07446,0.15107,0.11376,0.32126,-0.04617,-0.13409,-0.29662,-0.21223,0.18130,0.12329,0.22288,0.04144,-0.49563,-0.08887,-0.25665,-0.21509,0.00198,0.46321,0.23139,-0.20709,-0.37440,-0.28561,-0.16505,0.27481,0.22025,0.10919,-0.32220,-0.16379,0.01162,0.18707,0.42174,0.63433,0.38089,-0.02619,-0.22645,0.16908,-0.15481,-0.05008,-0.39304,0.15597,0.21344,-0.11466,0.30921,0.41548,0.28342,0.22041,-0.42737,-0.18887,0.39967,0.50575,-0.30426,-0.08303,0.22521,-0.23624,-0.15324,-0.24872,0.43593,0.61684,0.08753,0.22182,-0.41923,-0.48507,-0.31094,0.19232
chimpanzee,17663,0.17,0.15522,1.17248,0.16532,-0.19897,-0.29298,-0.85804,-0.22837,0.57334,0.46286,0.30868,-0.72903,-0.11976,-0.08897,0.41562,0.00360,0.19425,0.43852,0.49335,0.27363,-0.47999,-0.42554,-0.32120,0.14750,-0.35877,-0.05407,-0.13050,0.26256,-0.52522,0.46289,0.22026,-0.22622,0.07050,-0.79026,0.34041,0.14947,-0.58555,-0.65344,0.42421,-0.78308,0.47994,0.25510,-0.39431,0.32278,-0.21197,0.39636,-0.06814,0.05143,0.48796,-0.14764,-0.06003,0.56377,0.47773,-0.16554,0.06049,0.46212,-0.27269,-0.09800,0.02350,0.29469,0.86628,0.19683,-0.26280,0.65718,0.46603,0.03550,0.41963,-0.11368,-0.00471,-0.09368,0.09079,-0.58116,-0.60916,-0.10374,-0.75369,0.11679,-0.26038,-0.01709,-0.27519,-0.77827,-0.53573,-0.18595,0.65916,0.36884,0.09671,-0.40213,0.09240,0.06524,0.33803,0.00062,0.79315,0.19299,-0.70993,0.40413,-0.19496,-0.35597,0.01205,-0.36961,-0.06394,0.16862,0.30283,-0.01773,1.06095,0.63455,0.07146,-0.33741,1.09647,0.21084,-0.25449,-0.09330,-0.16771,0.11154,0.41642,-0.91687,0.20376,0.01625,0.24681,-0.31311,-0.07363,-0.54888,0.55004,-0.44795,0.41376,0.08575,0.44357,0.25552,0.71193,0.16200,0.45386,-0.69294,-0.02184,-0.10814,0.03973,0.12729,0.15731,-0.44881,0.23114,0.28505,0.39954,-0.24200,0.31754,0.49581,-0.45028,-0.28208,-0.77553,-0.09490,-0.20538,-0.24731,0.36284,0.11743,-0.18781,-0.07202,0.04626,-0.13730,0.38504,0.78110,-0.50536,-0.81794,-0.35269,-0.56212,0.18459,-0.00330,-0.16613,0.27038,-0.17483,-0.05709,0.48965,0.33592,0.29262,-0.02601,0.04694,-0.50026,0.48461,-0.63768,0.19092,0.26703,-0.66763,0.31290,-0.54083,0.02461,0.16488,0.35895,0.45359,-1.08885,0.13127,-0.01090,-0.17213,-0.45491,-0.49467,-0.07085,-0.50326,0.74509,0.17709,-0.06328,0.58814,-0.46040,0.19246,-0.02246,0.23736,-0.73877,0.05587
goat,8185,0.16,-0.06226,0.96390,0.16021,-0.13178,-0.54677,-0.52039,-0.24828,0.16048,0.29459,-0.37463,-0.04075,0.86459,-0.51935,0.65273,0.31065,0.31686,-0.23747,0.00408,0.19307,0.02600,-0.38099,-0.86531,-0.07216,-0.35729,0.28244,0.00033,-0.61231,0.27492,0.24928,-0.20781,0.60814,0.37610,0.12509,0.07436,0.04696,-0.55544,0.18591,0.07734,0.06669,-0.43281,0.04613,0.09431,0.02392,0.44678,0.83117,0.00539,-0.27987,-0.27710,0.03991,-0.52772,0.34208,0.08330,-0.05042,0.41529,-0.00086,-0.37249,0.30753,0.05901,-0.24295,-0.17820,0.43259,0.31615,0.03193,0.67853,-0.22968,-0.16596,-0.23285,-0.10194,-0.11403,-0.49530,0.03418,0.62582,-0.14175,0.16152,-0.76324,-0.41654,0.56130,-0.56688,-0.28946,-0.21364,-0.30873,0.17048,0.16188,0.25871,-0.57564,-0.23061,-0.10049,0.12026,0.27405,0.57917,0.38327,0.78697,-0.32863,0.28156,0.32401,-0.02072,-0.35694,-0.10498,-0.15918,-0.25277,-0.28381,-0.30568,-0.14297,-0.16579,-0.06159,-0.12456,0.42773,-0.13950,-0.15576,0.28107,0.32406,-0.16041,0.01210,0.13191,-0.56244,-0.04965,-0.68097,-0.05897,-0.74547,0.31106,-0.71316,0.35496,-0.30808,-0.09807,0.17907,0.43976,0.12808,-0.07810,-0.14547,-0.37847,0.29625,0.32073,0.03735,-0.02847,-0.23294,0.69104,0.09674,-0.49001,0.15379,0.15459,0.38788,0.48885,-0.39567,-0.14254,-0.61402,-0.08487,-0.03075,-0.28188,-0.62455,0.14863,0.49436,0.10224,0.05656,-0.07300,-0.26817,-0.08371,-0.12424,-0.22065,0.22598,-0.40299,0.42758,0.35989,0.21980,-0.53673,0.17829,0.12268,-0.08624,-0.01897,0.05865,0.61788,-0.32488,0.34612,-0.29998,-0.21225,0.36528,-0.22920,-0.15283,-0.53448,-0.49795,0.05350,-0.15883,0.24710,-0.54982,0.08136,0.56405,0.25528,0.36252,0.36296,0.52082,0.53729,-0.21119,0.66721,0.70578,0.26632,-0.03174,-0.25976,-0.48753,-0.40587,-0.14309,0.25171
sheep,5209,0.16,0.14804,0.78038,0.16021,0.12914,-0.17562,-0.60211,-0.40207,0.45622,0.10901,-0.17393,0.10944,0.62332,-0.07041,0.23972,0.06573,0.22787,0.23284,0.06699,0.58300,-0.38891,0.21523,-0.28352,-0.14829,0.05461,-0.44452,-0.48301,-0.36534,0.55520,-0.04061,0.17512,0.44236,-0.08317,-0.37876,0.13406,0.09829,-0.13100,0.10687,0.32221,0.12896,-0.92784,0.03847,0.28162,-0.13044,0.06727,0.38532,-0.10593,0.13056,0.44381,-0.57468,-0.34593,0.00806,0.73090,-0.23151,0.38130,0.15285,-0.62436,-0.08285,0.10118,-0.18566,-0.10176,0.29363,0.00431,-0.36887,0.02997,-0.03085,-0.13676,-0.28061,-0.09975,-0.01853,-0.12150,0.03205,0.21139,-0.78321,0.44353,-0.82617,-0.13618,0.02413,-0.10909,-0.44235,-0.48162,-0.46174,-0.17526,0.14525,-0.10676,-0.11783,0.42886,-0.01200,-0.09567,0.17484,0.16539,0.53026,0.90930,0.35278,0.25866,0.05809,-0.62248,-0.01088,-0.56354,-0.44018,0.42303,-0.39200,-0.10750,-0.42405,0.02136,-0.59690,0.29901,0.31662,0.18887,-0.25881,0.21428,0.24181,-0.04819,0.00453,0.56836,-0.41455,-0.23123,-0.24068,0.21113,-0.03511,-0.08855,0.13892,-0.24425,-0.02702,0.24836,-0.12857,0.16168,0.38301,-0.70143,0.08534,-0.07591,0.10140,0.37149,-0.12387,0.25097,0.18262,0.37834,0.07442,0.21405,0.43101,0.57405,-0.40100,0.08688,-0.54338,0.04851,-0.35954,0.12642,-0.01189,-0.10364,-0.14428,0.12106,-0.13872,-0.22287,0.13030,0.06373,-0.03052,-0.51880,0.17883,0.24248,0.14685,-0.15046,0.10177,0.82883,-0.19052,-0.21453,0.17069,-0.27951,-0.13723,-0.06682,-0.08809,0.17739,-0.11357,0.62295,-0.04727,-0.22854,0.38857,0.05864,-0.00804,-0.01729,0.08359,0.36949,0.23354,0.08185,-0.75238,-0.07302,0.58958,-0.06631,-0.21435,-0.00408,-0.22404,0.20662,-0.28921,0.25679,0.42452,0.30376,-0.16433,0.15680,-0.15756,-0.69353,-0.17983,0.34850
dog,1902,0.15,0.20939,0.83513,0.14771,0.23269,0.15471,-0.66051,-0.44089,0.19583,0.06695,0.39931,-0.29820,0.06757,-0.40142,-0.07825,0.23951,-0.16157,0.22526,0.01695,-0.00771,-0.22219,-0.13139,-0.23008,0.06074,-0.41251,-0.16337,0.17024,-0.24207,0.28235,0.50769,0.30631,0.27737,-0.12612,-0.10632,0.32131,-0.07346,0.02837,0.21318,0.21951,0.03201,-0.47648,0.28680,-0.10397,0.09085,-0.30002,0.27804,0.15017,-0.32255,0.00925,-0.23699,-0.01193,-0.10692,-0.39112,-0.39177,-0.22215,-0.08225,-0.12116,0.30285,-0.11938,0.09028,0.05807,0.39817,0.08076,0.23825,0.01037,-0.24172,-0.14139,-0.11871,0.38734,0.08221,-0.33590,0.49171,0.05293,-0.44446,-0.13540,-0.50059,0.33804,-0.20114,-0.02817,-0.06528,-0.35982,-0.32669,-0.18130,-0.12664,0.08897,-0.43572,0.29503,-0.24771,0.10699,0.05859,0.62643,0.32750,0.44838,0.07315,-0.38808,-0.03090,-0.18631,0.03478,0.09785,0.03570,0.24902,-0.53004,0.52185,-0.13142,-0.45085,0.34940,0.35701,0.40025,-0.02176,0.08360,0.19223,0.49193,-0.07229,-0.05115,0.25480,-0.37509,-0.25687,-0.40277,-0.10165,-0.36156,0.42897,0.26570,-0.36383,-0.03958,0.41566,0.03483,-0.05559,0.26407,0.07472,0.11180,-0.48862,-0.06329,0.32278,-0.20794,-0.57950,-0.43957,0.26908,0.36593,0.78873,-0.01034,0.16873,0.08121,0.12252,-0.11072,-0.11075,0.33981,-0.05415,0.25581,0.07480,-0.07294,0.31011,0.00205,0.05803,0.01607,0.24058,0.02292,0.21196,-0.35777,-0.40917,-0.30021,-0.06019,0.46112,0.16438,0.39477,-0.34317,0.24647,0.24664,-0.17949,-0.08704,0.15599,0.10857,-0.40799,0.26675,0.05880,-0.03526,-0.63804,0.08649,0.16995,-0.25906,-0.00971,-0.00967,-0.01912,0.04616,-0.85246,-0.27679,0.11014,0.33564,-0.28435,0.21319,-0.17342,-0.05860,0.06911,0.01804,0.58848,-0.05525,-0.45076,0.49651,-0.42558,-0.44358,0.01329,0.19651
bobcat,56625,0.10,1.01426,1.05617,0.09542,-0.23777,-0.04892,-0.64500,-0.29043,0.17958,0.21152,0.51180,-0.15543,0.10931,-0.08275,0.09713,-0.29394,-0.01356,0.14567,0.27429,0.23569,-0.02430,-0.12825,-0.29072,0.08308,-0.23088,0.06636,0.24828,-0.28421,-0.06675,0.24354,-0.14893,-0.04917,0.09712,0.35653,0.10851,-0.16400,0.23971,0.05647,0.42164,-0.00505,-0.24679,-0.13166,-0.03261,-0.13583,-0.05718,0.31040,0.08779,-0.09800,0.21769,-0.32843,-0.15326,0.13348,0.12914,0.03791,0.08311,0.25989,0.05743,0.31727,0.17937,-0.30451,0.33269,0.07167,0.15837,0.51088,0.36112,-0.66118,0.23112,-0.32025,-0.29803,-0.28082,0.08248,-0.04467,0.10961,-0.17980,-0.15766,-0.34285,-0.16950,-0.08144,-0.55187,-0.26137,0.07305,-0.33805,0.02065,-0.00132,0.08561,-0.51015,0.21377,0.12193,0.01496,0.27085,0.21567,0.46544,0.44539,-0.14922,-0.24249,-0.31794,-0.31841,0.01931,-0.30680,-0.48355,0.15794,-0.02570,0.39001,-0.02240,-0.18014,0.15185,-0.02092,0.16304,0.05774,-0.09513,0.16980,0.74414,-0.06678,-0.46927,0.50202,-0.17299,-0.06762,-0.46749,0.06692,-0.57528,0.63132,0.09448,-0.21370,0.19261,-0.02152,-0.36696,0.20250,-0.16333,-0.06684,-0.29970,0.01508,-0.14490,0.18471,0.07998,-0.50182,-0.66799,0.12440,0.01083,0.10974,0.08357,0.45859,-0.15317,-0.17297,-0.42844,0.03294,0.29315,0.07416,0.49595,0.14724,-0.44061,0.02192,-0.25237,-0.02725,0.02368,0.21989,0.11250,-0.52280,-0.44621,0.05088,0.16081,0.37855,0.17038,0.50358,0.29958,-0.06840,0.11599,-0.07323,0.07342,-0.02156,0.12444,0.08856,-0.12063,0.27019,-0.31595,-0.40547,-0.49014,0.06929,0.09904,-0.05454,0.01715,0.11355,0.15362,0.28999,-0.39691,0.33169,0.16611,0.20038,-0.00567,-0.06054,0.10764,-0.13299,-0.00210,0.06764,0.76381,0.65625,0.09658,0.11728,-0.19789,-0.62335,-0.28813,0.48469
rat,9586,-0.03,0.21761,1.26533,-0.03010,-0.36796,-0.33110,-0.22371,-0.28260,-0.06540,0.13259,0.49185,0.06751,-0.23447,-0.53998,0.07621,0.01790,0.00586,0.31897,0.37590,0.29170,-0.05483,0.28098,0.00067,-0.37495,-0.73435,0.55021,0.01030,0.28446,-0.45162,0.22654,-0.04481,0.17049,0.07049,-0.33700,-0.12881,-0.16390,-0.27996,0.68035,0.32340,-0.52196,-0.38299,-0.37067,-0.43694,0.32426,-0.00093,0.05781,0.01949,-0.26278,0.44263,-0.92937,-0.04770,-0.37092,0.22904,0.06902,0.07128,0.11894,-0.45894,0.70961,0.60051,-0.05885,0.01967,0.21345,0.05518,0.13961,-0.36987,0.08775,0.18052,0.13135,-0.01174,0.07674,-0.10635,-0.33978,-0.15052,-0.45729,0.13240,-0.82041,-0.41819,-0.40886,-0.83953,0.02494,0.28690,-0.25331,-0.20123,0.37732,0.36325,-0.38553,-0.02094,-0.03663,-0.25292,-0.38411,0.23915,0.23250,0.09886,0.48300,-0.37186,0.11757,-0.28038,0.37394,0.48892,0.06969,0.18941,0.14075,0.38606,0.12892,-0.09525,-0.20096,-0.34163,0.10873,-0.04600,0.21087,0.28948,-0.34039,-0.36276,0.28854,0.28665,-0.58149,-0.33744,0.13664,-0.13972,-0.27706,0.59995,0.03966,0.28645,0.52366,0.25018,-0.01631,0.16742,-0.05542,-0.32623,-0.10237,0.12307,0.03057,0.19002,-0.39822,-0.40173,-0.29554,0.14157,-0.06050,-0.04709,0.30432,0.46784,0.18214,0.19987,0.00944,0.24492,0.13352,0.33951,0.09596,0.25775,-0.34048,-0.13221,0.20829,0.37846,0.33005,0.12281,-0.02416,-0.13373,-0.30850,0.23730,-0.06436,0.17397,0.52386,0.26173,-0.04077,0.30274,0.28645,0.10351,0.09892,-0.36716,0.06105,0.00062,-0.10658,-0.28034,-0.33546,0.23443,-0.19779,-0.22730,-0.28851,-0.11163,-0.10062,0.46390,0.15450,0.44890,-0.25572,-0.61936,0.06387,-0.00208,-0.18282,0.24280,0.40225,-0.32544,-0.07064,-0.23044,0.76193,0.30299,-0.56020,0.17631,-0.35497,-0.31946,-0.11152,0.13446
hamster,8664,-0.08,0.17012,1.52876,-0.07959,-0.75852,-0.11542,-0.68879,-0.56146,0.12075,0.29216,0.07101,0.34103,-0.18280,-0.78252,-0.12914,-0.23880,0.04684,0.41056,0.63384,-0.01621,-0.80841,-0.43191,-0.45699,0.40593,-0.67175,0.54514,-0.25184,-0.92704,-0.08070,-0.41475,0.09863,-0.13681,-1.29175,0.03716,-0.82868,-0.11578,0.31270,0.23844,0.41301,0.33990,0.00066,0.44655,-0.08845,0.00267,0.25566,-0.22776,-0.44512,-0.56765,0.19577,-0.02350,0.26346,-0.18987,-0.21073,0.30233,-0.68846,-0.26787,0.14106,0.41121,0.70325,-0.39821,0.35989,-0.43296,0.44611,-0.08861,0.08602,-0.61733,-0.03649,-0.61964,0.45515,-0.52479,-0.16929,-0.09178,0.27795,-0.13830,-0.21921,-0.51326,-0.36840,-0.20315,-0.32276,0.01566,-0.56860,-0.54800,0.56861,0.13626,-0.16193,-0.16141,-0.44600,-0.26154,0.20246,0.32221,-0.58120,0.68161,0.70670,0.04503,-0.51768,0.06251,-0.32997,0.08640,-0.26638,0.11622,0.17439,-0.70768,0.43725,0.25039,-0.29012,-0.07735,0.27329,-0.10177,0.01417,-0.50729,-0.36907,0.42563,-0.15253,-0.27817,0.59312,-0.02268,-0.61618,-0.90565,-0.35323,-0.29588,0.76747,-0.04641,0.34781,0.27132,0.63045,-0.13273,0.51475,-0.15977,-0.04194,0.08371,-0.09253,-0.45353,0.40309,-0.65769,-0.69842,0.37554,0.41999,-0.23091,0.24407,0.22975,0.44935,0.31637,0.40502,0.22995,0.24748,-0.23384,-0.12687,0.74395,0.47935,-0.38424,-0.08534,0.31671,-0.69958,0.17345,0.42351,-0.01658,-0.16319,-0.82048,-0.40510,0.61117,0.60095,0.04300,0.07987,-0.30870,0.57254,-0.46553,-0.23577,0.12003,-0.09046,0.34340,0.04196,-0.04053,-0.10381,-0.03485,-0.00308,0.14454,-0.30336,-0.09245,-0.33109,-0.11990,0.32030,-0.54163,0.08338,-0.76328,0.15101,0.23835,-0.26853,-0.24874,0.46337,0.50343,0.19572,0.65236,-0.19442,0.06217,-0.46539,0.07803,0.30172,-0.32776,-1.27702,-0.17703,-0.94128
gecko,18581,-0.15,-0.63931,0.93442,-0.15229,-0.38137,-0.51312,-1.19944,-0.16720,0.25261,-0.27212,-0.34849,-0.86502,0.25688,0.31526,0.67741,0.47772,0.13577,-0.02008,0.59499,-0.28051,-0.35067,-0.09092,-0.14867,0.17301,-0.61171,-0.00047,0.80488,-0.59907,-0.73836,0.56165,-0.13592,-0.05582,0.23320,0.12496,0.62544,-0.31871,0.67229,0.15361,0.54397,-0.41191,0.60327,0.20393,-0.42935,0.64566,-0.10527,0.14642,-0.12652,-0.59288,-0.08203,-0.21555,0.42167,0.18713,0.21435,-0.95774,-0.27977,0.33761,0.33925,0.23222,0.00246,-0.11736,0.63126,-0.12285,0.38442,0.59003,0.38791,-0.78193,0.16162,-0.23520,-0.47678,0.50506,-0.40752,-0.22776,0.28321,-0.66271,-0.26271,-0.65058,-0.41490,0.12871,-0.74335,-0.24276,-0.13490,-0.55067,-0.06503,0.32854,0.44462,-0.13397,-0.25257,0.04453,0.25300,0.51599,0.14382,0.26289,0.27119,0.03546,-0.37615,0.03124,-0.52054,0.08727,0.39878,0.00485,0.18521,-0.65691,-0.41393,0.56740,-0.59394,-0.01979,0.22305,0.42177,0.00697,0.14452,0.60756,0.56164,-0.51930,-0.21550,1.22150,-0.77707,-0.36432,-0.99225,0.27731,-1.19888,-0.34038,0.20813,0.60075,0.03106,0.43411,0.14854,-0.17063,0.25895,0.00148,0.45762,0.45510,-0.76324,0.53329,-0.03302,-0.61277,-0.63699,0.32545,-0.12580,-0.11495,0.02981,0.38390,0.11549,-0.30830,-0.05552,-0.21841,0.05918,0.29318,0.70165,0.31169,0.16397,0.38517,-0.36850,0.04839,0.45413,0.14709,0.58384,0.12866,-0.05491,0.03361,-0.21574,0.81049,1.05992,0.07072,-0.56384,0.32260,-0.25460,-0.82370,0.84968,0.28704,0.04396,0.05029,-0.19772,0.37628,-0.46353,0.04296,-0.75746,0.15933,-0.49857,-0.24807,0.14665,-0.23894,0.60619,-0.13579,-0.67693,1.24867,-0.12460,0.10139,-0.17968,0.10315,0.57536,0.07551,-0.12296,-0.14812,-0.19375,0.54635,-0.04511,-0.23604,-0.30591,-0.05396,-0.70365,0.02947
ant,8502,-0.47,-0.13719,0.99219,-0.46990,0.01221,0.17233,-0.55154,-0.30660,0.62247,-0.00240,0.19749,-0.84164,0.03805,0.07621,0.14205,0.21150,0.26782,0.06493,0.24924,0.08718,-0.29963,-0.42956,-0.08508,0.03882,-0.43102,-0.05252,-0.20548,-0.51281,-0.19425,0.10892,-0.13831,0.52078,-0.15069,0.16046,0.51180,0.06619,0.32164,-0.25505,0.62703,-0.12926,-0.44559,0.15137,0.00370,0.33842,-0.61167,-0.17317,-0.08890,0.16243,0.34253,-0.17398,-0.50612,0.03445,0.75179,-0.14809,0.27068,0.20928,-0.02660,0.00197,0.08126,-0.07910,-0.39511,0.41021,0.12123,0.04101,0.71570,-0.34172,0.11198,-0.07480,-0.07312,0.38941,0.26234,0.30510,-0.21706,-0.00855,-0.20805,-0.59396,-0.53544,0.37535,0.05910,-0.41843,-0.21696,-0.27344,-0.07903,0.31556,-0.09698,-0.68855,0.31497,0.32086,-0.28224,-0.46440,0.43839,0.45249,0.25788,-0.64551,-0.34427,-0.19344,-0.38443,0.43960,0.38953,-0.11840,-0.48661,-0.09769,0.71754,0.10642,-0.12310,0.35704,0.33154,0.16042,0.36330,0.25071,0.55261,-0.33880,-0.60564,-0.65446,-0.42746,-0.15910,-0.32600,0.07825,-0.12500,-0.60404,-0.33970,0.17186,0.04752,0.22235,0.03427,0.18913,0.25733,-0.45982,-0.06300,-0.66644,0.01903,0.56167,0.44763,0.26861,-0.14152,-0.34654,-0.28051,-0.88753,0.05958,0.38691,0.01812,-0.48624,-0.32811,-0.01330,0.33377,-0.06410,0.19612,0.64659,-0.45935,0.15292,0.58273,-0.26405,0.42489,0.02300,0.28900,0.35255,0.62246,-0.50621,-0.24963,-0.28095,0.48910,0.37553,-0.48107,-0.44876,0.03460,-0.12901,-0.00552,-0.20282,0.10853,0.01134,0.61070,0.08130,-0.12082,0.38065,0.49824,-0.06700,0.02626,0.50689,0.38757,-0.33257,0.23267,-0.23402,0.09288,0.01384,0.46119,-0.35170,0.37512,0.39658,0.02939,0.15286,0.13196,-0.23377,0.79552,0.19797,-0.06622,0.16008,0.69827,-0.10970,0.03433,-0.19397,0.22110
rhinoceros,32351,0.32,0.17000,0.91836,0.24137,-0.03372,-0.34629,-0.49114,0.07663,0.15885,0.43658,0.16215,-0.18611,0.20172,-0.31254,0.68449,0.31371,0.03357,0.02486,0.03942,-0.02829,-0.14412,-0.24678,-0.40006,-0.39305,-0.68604,0.21920,-0.28601,-0.10954,-0.36560,0.40370,-0.34106,0.36218,-0.17531,0.18771,-0.44465,-0.11136,0.21265,-0.27069,0.11729,0.07909,0.13712,0.09060,0.09025,0.50457,-0.06231,0.01849,0.03866,-0.36955,0.16961,-0.41167,-0.06088,0.01571,0.08440,0.05768,0.11369,0.30728,0.06333,0.07221,-0.01818,-0.22348,0.32574,-0.19751,0.13693,0.50447,0.49318,-0.24462,0.80031,0.13076,-0.29755,-0.44057,-0.49810,0.21648,0.08117,-0.57089,0.20356,-0.83218,-0.12425,0.08617,-0.68580,-0.83624,-0.07372,-0.04546,-0.37674,0.50967,-0.10818,-0.90640,0.27237,-0.20214,-0.41543,-0.13192,0.33379,0.17184,0.08400,-0.68811,-0.32296,0.20620,-0.06297,0.11748,-0.29656,-0.74176,-0.23449,-0.38139,0.09221,-0.12974,0.09076,-0.03118,0.00991,0.19787,0.04874,-0.07856,0.24059,0.07787,-0.37968,-0.18734,0.34212,-0.08659,0.38072,-0.11799,-0.25540,-0.24592,0.72995,-0.16963,0.14762,0.05512,0.05661,-0.23649,0.22076,-0.09728,-0.09360,-0.06907,-0.06889,-0.10070,0.02868,0.06173,0.10413,-0.40013,0.00796,-0.09707,-0.13035,0.21026,0.68782,0.15562,-0.11692,-0.37714,-0.45857,0.42600,0.20968,-0.01961,-0.19617,-0.26903,-0.10192,-0.31767,0.45612,-0.06719,-0.08590,0.23860,-0.47955,-0.48355,0.19339,-0.11358,0.23554,0.23640,0.67807,0.48984,-0.01708,-0.14346,0.06362,0.18139,0.23557,0.10305,0.37903,0.07374,0.05105,-0.18459,-0.31747,-0.06168,0.21922,0.24139,0.05589,0.32031,0.07424,0.14445,-0.03072,-0.50229,0.49246,0.48613,0.12389,-0.21822,-0.14728,0.31743,-0.31433,0.09643,-0.28941,0.50580,0.21862,-0.25307,-0.08188,-0.43205,-0.43204,-0.14958,0.08511
moose,12070,0.26,0.14361,0.60485,0.50973,0.27421,0.07524,-0.88740,-0.16847,0.14263,0.42157,0.03185,-0.25474,-0.42203,0.17383,1.03110,0.23206,0.11465,-0.40401,0.18925,1.05523,0.14569,-0.80732,-0.76592,-0.19914,-0.75009,0.36688,-0.66138,0.01342,-0.26989,0.36340,-0.95236,0.42930,-0.24296,0.28671,-0.38289,-0.58095,-0.03816,0.19168,0.18781,-0.25069,-1.02315,-0.07844,0.14666,0.42782,-0.18331,0.11427,0.15890,0.02998,0.25044,-0.16662,-0.56159,0.33934,-0.04583,0.64363,0.20617,0.15286,0.15547,-0.15447,0.68800,0.14169,0.18089,-0.22208,0.98490,0.05071,0.46161,-0.06003,0.33320,-0.23379,0.18499,-0.22940,0.00557,0.00980,0.22986,-0.20797,-0.04739,-0.05535,-0.07085,0.19448,0.15067,-0.29886,-0.22798,-0.14737,-0.35163,0.43686,0.80564,-0.65038,0.17489,-0.08123,0.22961,0.45499,0.57475,0.61225,0.53002,-0.21214,-0.01787,-0.03558,-0.38671,0.18044,0.05575,0.36489,-0.44750,-0.04100,0.31827,-0.02923,-0.30339,-0.52874,0.28003,-0.71901,0.11505,-0.16331,-0.15287,0.44195,-0.73793,-0.55454,0.46322,0.26270,0.13756,-0.19728,-0.50198,-0.18494,0.10801,0.57844,-0.47740,-0.27308,-0.71209,-0.33878,0.14966,-0.15169,-0.71764,-0.22567,-0.30383,0.07068,-0.23953,-0.46877,-0.83945,-0.12247,0.35761,0.29033,0.57173,0.01245,0.10669,0.15742,0.87945,-0.10664,0.15711,-0.23895,0.36288,0.10822,-0.19335,-0.62765,0.08554,-0.02719,-0.03260,0.30974,-0.50036,0.36158,-0.47394,0.22234,-0.17518,0.26682,-0.10130,0.30031,0.24102,-0.43373,0.19354,-0.04759,0.19998,-0.12135,-0.16874,0.46904,0.39947,0.32884,0.24371,-0.07455,-0.22197,0.67475,0.57740,0.29050,-0.11946,0.41222,0.13069,0.26339,0.00551,-0.48481,-0.20343,0.24992,0.36940,0.46887,-0.12378,-0.07555,0.07562,0.25946,0.44271,0.45059,0.85286,-0.34248,0.37990,-0.71563,-0.32131,-0.13718,0.99104
dolphin,8152,0.21,0.56749,1.06737,0.69589,-0.01975,0.72767,-1.02750,-0.17453,-0.38472,0.16969,0.23095,-0.29259,-0.24265,-0.21201,0.13788,0.30738,0.30692,0.48586,0.09801,0.73535,0.16462,-0.26813,-0.22822,-0.21961,-1.01167,0.04316,-0.29759,-0.42393,-1.00360,-0.19544,0.06281,-0.15200,0.33703,-0.29835,0.50277,-0.57802,-0.14477,-0.30494,0.49967,-0.16736,-0.17908,0.41007,0.13528,0.58669,0.12187,0.37648,-0.39705,-1.04910,-0.02616,-0.42765,0.54947,0.19235,0.06171,0.21453,0.49185,-0.00402,0.25713,0.23622,-0.45143,-0.29254,1.16537,-0.29347,-0.17392,0.71356,0.02283,-0.63360,0.26392,-0.42076,0.20162,0.00747,0.70980,0.26255,0.20006,-0.19210,-0.27589,-0.82361,-0.83141,-0.56396,-0.46015,-1.11486,-0.54553,0.44257,0.23432,0.11196,0.68760,-0.77458,0.04872,-0.25616,0.43241,0.10890,0.30747,0.17100,0.17360,0.04268,-0.15683,-0.42266,0.33046,-0.22317,-0.23913,0.33036,-0.25089,0.40831,-0.13762,0.17434,-0.24091,0.00993,-0.18993,-0.36576,-0.28165,0.10934,0.02990,0.48902,0.08949,-0.45351,0.16040,-0.82053,0.43404,-0.64549,0.78658,-0.50497,0.43641,-0.42352,0.11020,-0.01333,-0.27484,0.10526,0.04311,-0.11711,0.16402,-0.56174,0.41548,0.05431,0.52567,0.38814,-0.07450,-0.24911,0.38452,0.09314,0.47091,0.12560,0.18254,-0.02944,-0.37235,-0.46623,0.01041,0.11760,0.00743,0.23211,0.25550,0.17218,0.09047,0.34235,0.21174,-0.39386,0.33473,0.17127,-0.58591,-0.40144,-0.56164,-0.30391,-0.10323,-0.78045,0.05498,0.64803,0.23488,0.13832,-0.47999,-0.21074,0.60757,0.02200,0.51151,0.14153,-0.21668,-0.51605,-0.27493,0.53428,0.16388,-0.33301,0.29072,0.11977,-0.12655,-0.34036,0.62748,-0.73523,-0.61791,-0.15210,-0.44836,-0.23104,-0.20528,0.03244,0.03609,0.09322,0.40345,0.13405,-0.14833,-0.53914,0.16714,-0.40644,-0.20392,-0.01618,-0.11337
coyote,16461,0.11,0.21959,0.78716,0.60435,0.10906,-0.42020,-1.17570,-0.61087,0.48853,-0.17854,0.33278,-0.39306,-0.01624,-0.13983,-0.18478,0.26325,0.00014,0.93346,0.88100,0.15110,-0.61205,-0.32767,-0.36703,-0.63007,-0.36429,-0.08566,0.26478,0.23678,-0.02062,0.56870,0.11584,0.25294,0.37627,0.15154,0.14346,0.10901,-0.49401,0.12270,0.25090,-0.17617,0.08567,0.04239,-0.45129,-0.09899,-1.00958,0.78344,0.43619,-0.39411,0.02306,-0.64790,-0.10432,0.18364,0.30904,-0.26256,0.00353,0.29049,0.12804,0.34269,0.31560,0.07416,0.42991,0.33862,-0.04207,0.46689,0.23387,-0.02082,-0.42446,0.23216,0.57253,-0.56261,-0.41183,0.02105,0.22146,-0.71238,-0.10125,-0.65083,0.23786,-0.24184,-0.00313,-0.47439,-0.14242,0.27066,0.33121,0.55931,0.74523,-0.29687,0.22897,0.12105,0.13488,0.47243,0.03070,0.00116,0.06954,0.40834,-0.39188,0.13070,-0.49011,-0.43893,-0.35431,-0.33785,-0.17541,-0.33363,0.46092,0.24758,0.21512,-0.04061,-0.03647,-0.06184,0.41063,-0.35502,0.60950,0.34333,-0.33895,-0.61142,0.28663,-0.25779,-0.15507,-0.18525,0.19088,-0.23154,0.72960,0.48440,-0.31474,0.29365,0.21582,-0.29500,0.08632,-0.14121,0.21984,0.12019,-0.58790,-0.11950,0.41079,0.04006,-0.64405,-0.00787,0.18276,0.28292,0.13282,0.25297,0.54258,-0.39688,-0.01318,-0.64422,-0.48533,0.02154,-0.04872,0.62261,0.47720,-0.40497,0.15980,-0.25078,-0.08296,-0.16684,0.05230,0.36509,-0.45343,-0.10112,0.03765,0.07684,-0.22288,-0.07128,-0.27547,0.21258,-0.18288,-0.12130,0.19229,0.04273,0.24476,-0.52752,-0.04571,-0.08486,0.67847,-0.13068,-0.39921,-0.09585,0.52114,-0.01575,0.11294,0.35901,-0.41997,0.50793,0.56684,-0.65517,-0.28510,0.45050,0.02510,0.05939,0.04308,-0.21209,0.25906,0.24192,-0.30901,0.31515,0.50225,-0.17515,0.62046,0.12804,-0.36818,-0.34378,0.28037
rabbit,9630,0.05,0.27032,0.82535,0.24501,-0.14486,-0.14690,-0.68511,0.07206,0.14873,-0.58393,-0.25316,0.08257,0.14751,-0.32453,0.72145,0.09581,-0.08086,0.26060,-0.07936,0.16882,-0.08429,0.37066,-0.77777,-0.50296,-0.03506,0.01007,-0.12945,-0.22887,-0.02346,0.16429,0.21997,0.24102,0.31921,0.25545,-0.19181,0.48806,-0.18127,0.27772,0.23495,-0.37469,-0.03997,-0.45596,0.23962,0.39237,0.04615,0.66586,0.14895,-0.05972,0.30330,0.32447,-0.30862,0.34359,0.04530,-0.21454,0.11703,0.57822,-0.44244,0.18603,0.03532,-0.29923,0.44062,-0.05987,0.15458,0.31013,0.18296,0.05587,0.32064,0.12946,0.23923,0.16422,0.03689,0.09184,0.08787,-0.60258,-0.06339,-0.34821,-0.38366,0.22225,-0.53418,0.05475,-0.15383,0.06344,-0.11945,0.45234,0.07135,-0.67278,0.30061,0.13641,-0.11119,0.21847,0.25289,0.70935,0.60598,0.47322,-0.12371,-0.21652,0.48470,-0.20028,-0.56715,0.21790,0.15589,0.18226,0.09345,-0.05710,0.02005,-0.40078,0.72157,-0.40895,-0.33860,-0.23867,0.24981,0.07149,-0.59816,-0.06330,0.14237,-0.66143,-0.41092,-0.50551,-0.32389,0.00709,0.11367,0.53178,0.62935,-0.05897,0.78349,-0.42620,-0.03678,0.21789,-0.25433,-0.06264,-0.55667,0.05973,0.20695,-0.47606,0.09794,-0.21722,0.41297,-0.27917,-0.32566,-0.22527,0.50285,0.02060,-0.09752,-0.12620,0.62047,0.30058,-0.18847,0.03453,0.27968,-0.21276,-0.21031,-0.14000,0.04235,0.06744,0.03673,-0.39362,-0.14636,-0.65562,0.29237,0.66391,0.20422,-0.11990,0.68918,0.81493,-0.03043,-0.21837,0.08572,0.48105,-0.17761,-0.38604,-0.54584,-0.33316,0.29683,-0.47922,0.27221,0.28885,0.24501,-0.06210,0.05690,-0.15668,-0.13888,-0.33231,-0.20286,-0.16030,-0.61932,0.10927,-0.21987,0.26821,-0.57566,0.13416,-0.37839,0.25455,0.32582,0.94302,0.15093,0.01034,0.15591,-0.10364,-0.15809,0.21314,0.58113
mouse,2796,-0.15,0.04314,1.37006,0.80329,-0.50215,0.25584,-0.43945,0.09523,0.13822,0.23390,-0.10335,0.05537,0.35671,-0.08875,0.35285,0.02515,0.11018,0.00483,0.36440,0.10786,-0.07476,0.08426,-0.77066,0.10073,-0.35543,0.41206,0.14973,-0.02446,-0.00350,-0.14410,0.05284,0.46219,-0.45773,0.08587,-0.48927,0.38684,-0.42053,0.67051,0.20546,0.05728,-0.00574,0.11755,-0.60048,0.15370,0.19528,0.18991,-0.16090,0.21936,0.21425,0.01966,0.42730,0.18979,-0.08212,0.05320,-0.81371,0.20804,-0.17093,0.29344,0.03523,-0.34058,0.45816,0.14030,0.41209,0.51560,0.15321,-0.48822,0.03537,-0.51462,0.02721,-0.04364,0.23248,-0.00639,-0.11108,-0.04506,-0.14373,-0.09142,-0.53079,-0.03279,-0.81494,-0.19929,0.06525,0.18906,-0.46022,0.49133,0.48095,0.09797,0.58629,-0.04936,-0.11917,0.02319,-0.06754,0.19968,-0.00062,0.34375,-0.10601,-0.44262,-0.02150,0.18487,-0.21986,-0.60652,0.07750,0.10912,-0.26173,-0.28210,0.03030,-0.36136,0.35029,-0.22231,-0.30315,0.39898,0.16919,0.23460,0.15710,0.24639,0.06087,0.00525,0.08958,0.14451,0.56428,-0.18546,0.15895,0.58597,-0.13757,0.31904,-0.34645,0.29440,-0.00943,-0.04341,-0.13637,0.16040,-0.45535,-0.24860,0.29433,0.57504,-0.06547,-0.14889,-0.03533,0.27912,0.17605,-0.30092,0.47118,0.41134,0.08126,-0.05860,0.13913,0.17752,-0.42763,-0.01943,0.62939,-0.16760,0.07802,-0.27573,1.07323,-0.07705,-0.03412,0.32370,0.27950,-0.38011,0.40222,0.62022,0.40062,0.10966,0.56896,0.39410,-0.57663,0.14777,0.29217,-0.09531,0.60716,0.56035,0.05175,-0.11108,0.01278,0.11809,-0.59459,-0.04843,0.44834,-0.39124,0.05749,-0.25805,0.37004,0.87094,0.12994,-0.42366,-0.06486,0.06809,0.13871,0.20831,0.05738,0.66911,-0.23758,-0.09737,0.00787,0.70059,0.36914,0.15799,0.16073,-0.43230,-0.26726,-0.35938,0.39967
